{
    "destination_dir": "game_assets/campaigns",
    "name": "myFirstCampaign.cmp",
    "title": "THE VERY FIRST CAMPAIGN",
    "description": "",
    "stages": ["myStage8.stg","myStage3.stg","myFourthStage.stg","mySixthStage.stg","myFirstStage.stg","myStage5.stg","myStage7.stg"],
    "sprites": ["destination-marker-50x50.sprt","palmtree-1.sprt","speedChangerArrow.sprt","beachball-left.sprt","beachball-right.sprt","beachball-top.sprt","beachball-bottom.sprt","seaweed-3.sprt","seaweed-2.sprt","beach-rock.sprt","shark-30x64-attack-up.sprt","seaweed-1.sprt","shark-30x64-attack-down.sprt","shark-64x30-groggy.sprt","shark-64x30-move-left.sprt","shark-64x30-attack-right.sprt","shark-64x30-attack-left.sprt","shark-64x30-move-right.sprt","teleportation-back.sprt","teleportation.sprt","shark-groggy.sprt","ocean-waves-360x650.sprt","shark-in-water-right.sprt","splash-140x250.sprt","shark-in-water-left.sprt","sand-360x600.sprt","great-white-attack-up-down.sprt","great-white-attack-up.sprt","great-white-attack-down.sprt","crocodile-rush-down-75x186.sprt","snake-static.sprt","snake-crawl-down.sprt","crab-walk-192x32.sprt","angel-GABRIELLE-fly.sprt","angel-GABRIELLE-boxing.sprt","angel-GABRIELLE-sword-shield.sprt","angel-GABRIELLE-bow-arrow.sprt","angel-GABRIELLE-push-portal.sprt","angel-G-ARROW-fly.sprt","angel-g-arrow-sword-shield.sprt","angel-archer-bow-arrow.sprt","angel-archer-push-portal.sprt","angel-G-arrow-boxing.sprt","angel-archer.sprt","angel-boxing.sprt","angel-sword-shield.sprt","angel-M.angelo-fly.sprt","angel-M.angelo-push-portal.sprt","angel-M.angelo-boxing.sprt","angel-M.angelo-archer.sprt","angel-M.angelo-sword-shield.sprt","gold-coin-12.5x13.sprt","sword-shield-powerup.sprt","grass_river.BG.sprt","force-field-50x50.sprt","small-collision-48x48.sprt","collision-16x16.sprt","runningeyeright.sprt","swimmer-female-blonde.sprt","car","grass_river.BG.sprt","starbucks","forest2.sprt","swimmer-female-blonde.sprt","disappear-600x100.sprt","forest1.sprt","combo-star-100x500.sprt","clouds.BG.1.sprt","boyWalkDown","boyWalkUp","boyWalkRight","boyWalkLeft","angel-flying-down.sprt","boxing-gloves-powerup.sprt","angel-flying-left.sprt","skeletonWalksRight.sprite","bow-arrow-powerup.sprt","arrow.sprt","angel-flying-right.sprt","angel-portal.sprt","angel-flying.sprt","angel-flying-up.sprt"],
    "brickwalls": ["turtle_shell.bw","4x4x4x50-blue.brickwall","brickwalltestImage","fish2.brickwall","brickwalltestColors.brickwall"],
    "entities": ["swimmer-female-blonde.ent","destination-marker-50x50.ent","palmtree1.ent","speedChangerArrow-UP.ent","speedChangerArrow-DR","beach-rock.ent","beachball.ent","shark-64x30-attack-left.ent","shark-64x30-attack-right.ent","shark-64x30-move-left.ent","shark-64x30-move-right.ent","teleportation-back.ent","teleportation.ent","shark-in-water-right.ent","ocean-waves-360x650.ent","splash-140x250.ent","shark-in-water-right.ent","crab-walk.ent","snake-crawl-down.ent","crocodile-rush-down.ent","great-white-attack-up-down.ent","snake.ent","sand-360x600.ent","angel-portal-powerup.ent","gold-coin-12.5x13.ent","gold-coin-16x16.ent","sword-shield-powerup.ent","grass_river.BG.ent","force-field-50x50.ent","ball.entity","arrow.ent","redcarr","skeletonWalksRight.entity","angel-portal.ent","angel.ball.ent","forest2.ent","starbucks2.ent","runningeye.ent","disappear-600x100.ent","forest1.ent","bow-arrow-powerup.ent","boxing-gloves-powerup.ent"],
    "paths": ["anotherPastTest.rel","doubleZ.rel","anotherTest.abs","complexe.abs","v.abs","sharkPath.pth"],
    "sounds": ["heavenly_music-loop","bgm_3-loop","bgm_10-loop","bgm_1-loop","bgm_2-loop","bgm_4-loop","bgm_5-loop","bgm_8-loop","bgm_9-loop","bgm_6-loop","bgm_7-loop"]
}