{
    "destination_dir": "game_assets/campaigns",
    "name": "shortCmp.cmp",
    "title": "1 level campaign",
    "description": "this campaign contains only one campaign to test loading times",
    "stages": ["myStage5.stg","myStage7.stg"],
    "sprites": ["swimmer-female-blonde.sprt","beachball-left.sprt","beachball-top.sprt","beachball-right.sprt","beachball-bottom.sprt","beach-rock.sprt","teleportation-back.sprt","disappear-600x100.sprt","teleportation.sprt","sand-360x600.sprt","crocodile-rush-down-75x186.sprt","snake-static.sprt","snake-crawl-down.sprt","crab-walk-192x32.sprt","angel-GABRIELLE-fly.sprt","angel-GABRIELLE-boxing.sprt","angel-GABRIELLE-sword-shield.sprt","angel-GABRIELLE-bow-arrow.sprt","angel-GABRIELLE-push-portal.sprt","angel-G-ARROW-fly.sprt","angel-g-arrow-sword-shield.sprt","angel-archer-bow-arrow.sprt","angel-archer-push-portal.sprt","angel-G-arrow-boxing.sprt","angel-M.angelo-fly.sprt","angel-M.angelo-push-portal.sprt","angel-M.angelo-boxing.sprt","angel-archer.sprt","angel-M.angelo-archer.sprt","angel-M.angelo-sword-shield.sprt","gold-coin-12.5x13.sprt","sword-shield-powerup.sprt","force-field-50x50.sprt","small-collision-48x48.sprt","collision-16x16.sprt","combo-star-100x500.sprt","boxing-gloves-powerup.sprt","bow-arrow-powerup.sprt","arrow.sprt","angel-archer-bow-arrow.sprt","angel-GABRIELLE-bow-arrow.sprt","angel-portal.sprt","angel-flying.sprt","angel-flying-left.sprt","angel-flying-right.sprt","great-white-attack-up-down.sprt","shark-64x30-attack-left.sprt","shark-64x30-groggy.sprt","shark-in-water-right.sprt","shark-in-water-left.sprt","splash-140x250.sprt","shark-64x30-move-right.sprt","shark-groggy.sprt","shark-64x30-move-left.sprt","shark-64x30-attack-right.sprt","shark-30x64-attack-up.sprt","angel-flying-down.sprt","shark-30x64-attack-down.sprt","great-white-attack-up.sprt","clouds.BG.1.sprt","great-white-attack-down.sprt","left-shark-attack.sprt","angel-flying-up.sprt","ocean-waves-360x650.sprt","angel-sword-shield.sprt","waves-64x64.sprt","angel-archer.sprt","angel-boxing.sprt"],
    "brickwalls": ["turtle_shell.bw"],
    "entities": ["swimmer-female-blonde.ent","beach-rock.ent","beachball.ent","shark-64x30-attack-left.ent","shark-left-attack.ent","shark-64x30-attack-right.ent","shark-64x30-move-left.ent","shark-64x30-move-right.ent","shark-in-water-right.ent","teleportation-back.ent","teleportation.ent","crab-walk.ent","snake-crawl-down.ent","crocodile-rush-down.ent","snake.ent","sand-360x600.ent","angel-portal-powerup.ent","gold-coin-12.5x13.ent","sword-shield-powerup.ent","small-collision-48x48.ent","force-field-50x50.ent","small-collision-16x16.ent","arrow.ent","angel-portal.ent","disappear-600x100.ent","bow-arrow-powerup.ent","ocean-waves-360x650.ent","splash-140x250.ent","boxing-gloves-powerup.ent","angel-portal-powerup.ent","angel.ball.ent","combo-star-100x500.ent"],
    "paths": [],
    "sounds": ["bgm_3-loop","heavenly_music-loop"]
}