[{"name":"bgm_3-loop","object":{"name":"bgm_3-loop"},"description":"bgm_3-loop.mp3","collection":"sounds","id":261},{"name":"heavenly_music-loop","object":{"name":"heavenly_music-loop"},"description":"heavenly_music-loop.mp3","collection":"sounds","id":262},{"name":"myStage5.stg","object":{"destination_dir":"game_assets/stages","name":"myStage5.stg","description":"Destroy the turtle shell and kill 5 crabs.  Protect the boy!","stage_entityCannons":[{"ID":"entity1581208026656","entityName":"boxing-gloves-powerup.ent","iterations":1,"drawOnCanvas":"aboveGround","next":0,"start":340,"archiveIterations":1,"archiveStart":340,"x":47,"y":404,"dx":0,"dy":0,"path":"-1","pathEnd":"loop","states":[{"next":"0","action":{"name":"removeSelf","params":{"name":""}}}],"firstStateAt":100,"energy":0,"strength":3,"resistance":0},{"ID":"entity1587417135573","entityName":"bow-arrow-powerup.ent","iterations":1,"drawOnCanvas":"aboveGround","next":0,"start":0,"archiveIterations":1,"archiveStart":0,"x":277,"y":405,"dx":0,"dy":0,"path":"","pathEnd":"loop","states":[],"firstStateAt":0,"energy":0,"strength":0,"resistance":null},{"ID":"entity1587417156379","entityName":"sword-shield-powerup.ent","iterations":1,"drawOnCanvas":"aboveGround","next":0,"start":0,"archiveIterations":1,"archiveStart":0,"x":141,"y":399,"dx":0,"dy":0,"path":"-1","pathEnd":"loop","states":[],"firstStateAt":0,"energy":0,"strength":2,"resistance":20},{"ID":"entity1595875438918","entityName":"beachball.ent","iterations":1,"drawOnCanvas":"sky","next":0,"start":0,"archiveIterations":1,"archiveStart":0,"x":155,"y":557,"dx":0,"dy":0,"path":"-1","pathEnd":"loop","states":[],"firstStateAt":0,"energy":0,"strength":2,"resistance":100},{"ID":"entity1596122237987","entityName":"beach-rock.ent","iterations":1,"drawOnCanvas":"aboveGround","next":0,"start":0,"archiveIterations":1,"archiveStart":0,"x":204,"y":432,"dx":0,"dy":0,"path":"-1","pathEnd":"loop","states":[],"firstStateAt":0,"energy":0,"strength":0,"resistance":0},{"ID":"entity1602705905159","entityName":"crocodile-rush-down.ent","iterations":-1,"drawOnCanvas":"aboveGround","next":40,"start":40,"archiveIterations":-1,"archiveStart":40,"x":8,"y":-224,"dx":0,"dy":0,"path":"-1","pathEnd":"loop","states":[{"next":"30","dx":"1","dy":"0"},{"next":"30","dx":"-1","dy":"0"},{"next":"30","dx":"0","dy":"1"}],"firstStateAt":0,"energy":40,"strength":2,"resistance":2},{"ID":"entity1602707241783","entityName":"crab-walk.ent","iterations":-1,"drawOnCanvas":"aboveGround","next":85,"start":75,"archiveIterations":-1,"archiveStart":75,"x":358,"y":346,"dx":-1,"dy":0,"path":"-1","pathEnd":"loop","states":[],"firstStateAt":0,"energy":5,"strength":2,"resistance":1,"rotation":270},{"ID":"entity1603901687450","entityName":"speedChangerArrow-UP.ent","iterations":1,"drawOnCanvas":"aboveGround","next":0,"start":0,"archiveIterations":1,"archiveStart":0,"x":5,"y":281,"dx":5,"dy":5,"path":"-1","pathEnd":"loop","states":[],"firstStateAt":0,"energy":0,"strength":0,"resistance":0,"rotation":135},{"ID":"entity1603901688558","entityName":"speedChangerArrow-UP.ent","iterations":1,"drawOnCanvas":"aboveGround","next":0,"start":0,"archiveIterations":1,"archiveStart":0,"x":151,"y":446,"dx":5,"dy":-5,"path":"-1","pathEnd":"loop","states":[],"firstStateAt":0,"energy":0,"strength":0,"resistance":0,"rotation":45},{"ID":"entity1603949391412","entityName":"speedChangerArrow-UP.ent","iterations":1,"drawOnCanvas":"aboveGround","next":0,"start":0,"archiveIterations":1,"archiveStart":0,"x":164,"y":133,"dx":-1,"dy":10,"path":"-1","pathEnd":"loop","states":[],"firstStateAt":0,"energy":0,"strength":0,"resistance":0,"rotation":225},{"ID":"entity1587505946284","entityName":"snake.ent","iterations":-1,"drawOnCanvas":"aboveGround","next":80,"start":0,"archiveIterations":-1,"archiveStart":0,"x":77,"y":-50,"dx":0,"dy":0,"path":"-1","pathEnd":"loop","states":[{"next":"20","dy":"2","dx":"1"},{"next":"60","dy":"0","dx":"0"},{"next":"20","dx":"-1","dy":"2"}],"firstStateAt":50,"energy":2,"strength":5,"resistance":2},{"ID":"entity1603953146818","entityName":"speedChangerArrow-UP.ent","iterations":1,"drawOnCanvas":"aboveGround","next":0,"start":0,"archiveIterations":1,"archiveStart":0,"x":324,"y":298,"dx":-5,"dy":-5,"path":"-1","pathEnd":"loop","states":[],"firstStateAt":0,"energy":0,"strength":0,"resistance":0,"rotation":315},{"ID":"entity1604246063753","entityName":"palmtree1.ent","iterations":1,"drawOnCanvas":"aboveGround","next":0,"start":0,"archiveIterations":1,"archiveStart":0,"x":111,"y":184,"dx":0,"dy":0,"path":"-1","pathEnd":"loop","states":[],"firstStateAt":0,"energy":0,"strength":0,"resistance":0}],"spawnBalls":[],"maxCasualties":"","objectives":[{"name":"targets","value":[{"name":"crab-walk.ent","count":"5"}],"description":"Kill / Remove targets","messageSuccess":"Objective complete","messageFailure":"Objective failed"},{"name":"destroyBW","value":"true","description":"Destroy all bricks","messageSuccess":"Objective complete","messageFailure":"Objective failed"},{"name":"timer","value":"1200","description":"Time limit","messageSuccess":"Objective complete","messageFailure":"Objective failed"}],"BW_drawOnCanvas":"ground","stage_brickwall_name":"turtle_shell.bw","BW_x":0,"BW_y":80,"BW_dx":0,"BW_dy":0,"BW_path":-1,"BW_pathMode":"","stage_BW_pathEnd":"loop","BW_pathStep":1,"BW_pathIdx":0,"BW_states":[],"BW_firstStateAt":100,"scrollingScreens":[[{"screensToScroll":"10","screensScrollSpeed":"0"},{"spriteName":"sand-360x600.sprt","drawOnCanvas":"groundScrolling","loop":"-1"},{"spriteName":"sand-360x600.sprt","drawOnCanvas":"groundScrolling","loop":"-1"}],[{"screensToScroll":"20","screensScrollSpeed":"1"},{"spriteName":"clouds.BG.1.sprt","drawOnCanvas":"skyScrolling","loop":"-1"},{"spriteName":"clouds.BG.1.sprt","drawOnCanvas":"skyScrolling","loop":"-1"}]],"music":"game_assets/sounds/bgm_3-loop.mp3"},"description":"Destroy the turtle shell and kill 5 crabs.  Protect the boy!","collection":"stages","id":263},{"name":"myStage7.stg","object":{"destination_dir":"game_assets/stages","name":"myStage7.stg","description":"Protect the swimmers and defeat the boss!","stage_entityCannons":[{"ID":"entity1594851083835","entityName":"shark-64x30-move-left.ent","iterations":-1,"drawOnCanvas":"aboveGround","next":50,"start":20,"archiveIterations":-1,"archiveStart":20,"x":359,"y":349,"dx":-1,"dy":0,"path":"-1","pathEnd":"loop","states":[{"next":"0","action":{"name":"spawn","params":{"name":"shark-64x30-attack-left.ent"}},"drawOnCanvas":"aboveGround"},{"next":"0","action":{"name":"removeSelf","params":{"name":""}}}],"firstStateAt":15,"energy":0,"strength":0,"resistance":0},{"ID":"entity1594851118450","entityName":"shark-64x30-move-right.ent","iterations":-1,"drawOnCanvas":"aboveGround","next":50,"start":40,"archiveIterations":-1,"archiveStart":40,"x":-64,"y":181,"dx":1,"dy":0,"path":"-1","pathEnd":"loop","states":[{"next":"1","action":{"name":"spawn","params":{"name":"shark-64x30-attack-right.ent"}}},{"next":"0","action":{"name":"removeSelf","params":{"name":""}}}],"firstStateAt":15,"energy":0,"strength":0,"resistance":0},{"ID":"entity1592597255696","entityName":"shark-in-water-right.ent","iterations":1,"drawOnCanvas":"midAir","next":0,"start":40,"archiveIterations":1,"archiveStart":40,"x":125,"y":328,"dx":0,"dy":0,"path":"-1","pathEnd":"loop","states":[{"next":"15","dx":"4","dy":"0","resistance":"50","collideWithPaddleBounce":"false","collidePaddleLoseEnergy":"false"},{"next":"10","dy":"-5","dx":"0","strength":"20","resistance":"0","action":{"name":"spawn","params":{"name":"splash-140x250.ent"}}},{"next":"10","dy":"5","dx":"0"},{"next":"15","dx":"-4","dy":"0","strength":"0","resistance":"50","action":{"name":"spawn","params":{"name":"splash-140x250.ent"}}},{"next":"20","dx":"0","y":"-200","x":"-200","dy":"0"},{"next":"10","y":"300","x":"120","dy":"-5","action":{"name":"spawn","params":{"name":"splash-140x250.ent"}},"resistance":"0","strength":"20"},{"next":"10","dy":"5","dx":"0"},{"next":"1","action":{"name":"spawn","params":{"name":"splash-140x250.ent"}},"dy":"0"},{"next":"20","x":"-200","y":"-200"},{"next":"0","x":"0","y":"300"}],"firstStateAt":40,"energy":100,"strength":0,"resistance":50},{"ID":"entity1605558073198","entityName":"destination-marker-50x50.ent","iterations":1,"drawOnCanvas":"ground","next":0,"start":0,"archiveIterations":1,"archiveStart":0,"x":143,"y":19,"dx":0,"dy":0,"path":"-1","pathEnd":"loop","states":[],"firstStateAt":0,"energy":0,"strength":0,"resistance":0},{"ID":"entity1605806854814","entityName":"swimmer-female-blonde.ent","iterations":-1,"drawOnCanvas":"aboveGround","next":60,"start":0,"archiveIterations":-1,"archiveStart":0,"x":159,"y":700,"dx":0,"dy":-1,"path":"-1","pathEnd":"loop","states":[],"firstStateAt":0,"energy":10,"strength":0,"resistance":0,"rotation":0}],"spawnBalls":["swimmer-female-blonde.ent"],"maxCasualties":2,"objectives":[{"name":"targets","value":[{"name":"shark-in-water-right.ent","count":"1"}],"description":"Kill the boss","messageSuccess":"Objective complete","messageFailure":"Objective failed"},{"name":"escortees","value":[{"name":"swimmer-female-blonde.ent","count":"4"}],"description":"escort to safety","messageSuccess":"Objective complete","messageFailure":"Objective failed"}],"BW_drawOnCanvas":"combo","stage_brickwall_name":"","BW_x":54,"BW_y":92,"BW_dx":0,"BW_dy":0,"BW_path":-1,"BW_pathMode":"","stage_BW_pathEnd":"loop","BW_pathStep":1,"BW_pathIdx":0,"BW_states":[],"BW_firstStateAt":"","scrollingScreens":[[{"screensToScroll":"10","screensScrollSpeed":"2"},{"spriteName":"clouds.BG.1.sprt","drawOnCanvas":"skyScrolling","loop":"5"},{"spriteName":"clouds.BG.1.sprt","drawOnCanvas":"skyScrolling","loop":"5"}],[{"screensToScroll":"1","screensScrollSpeed":"0"},{"spriteName":"ocean-waves-360x650.sprt","drawOnCanvas":"groundScrolling","loop":"-1"},{"spriteName":"ocean-waves-360x650.sprt","drawOnCanvas":"groundScrolling","loop":"0"}]],"music":"game_assets/sounds/bgm_3-loop.mp3"},"description":"Protect the swimmers and defeat the boss!","collection":"stages","id":264},{"name":"swimmer-female-blonde.sprt","object":{"destination_dir":"game_assets/sprites","name":"swimmer-female-blonde.sprt","src":"game_assets/images/SWIMMER-UP-SPRITESHEET-FEMALE-1.png?t=1602732621","width":32,"height":32,"positions":[[0,0],[32,0],[64,0]],"frame":0,"frameMax":2,"frameTicker":0,"nextFrameAt":12},"collection":"sprites","id":265},{"name":"beachball-left.sprt","object":{"destination_dir":"game_assets/sprites","name":"beachball-left.sprt","src":"game_assets/images/BEACHBALL-LEFT-16x16.png?t=1596220623","width":16,"height":16,"positions":[[0,0],[16,0],[32,0],[48,0],[64,0],[80,0]],"frame":0,"frameMax":5,"frameTicker":0,"nextFrameAt":12},"collection":"sprites","id":266},{"name":"beachball-top.sprt","object":{"destination_dir":"game_assets/sprites","name":"beachball-top.sprt","src":"game_assets/images/BEACHBALL-TOP-16x16.png?t=1596220852","width":16,"height":16,"positions":[[0,0],[16,0],[32,0],[48,0],[64,0],[80,0]],"frame":0,"frameMax":5,"frameTicker":0,"nextFrameAt":12},"collection":"sprites","id":267},{"name":"beachball-right.sprt","object":{"destination_dir":"game_assets/sprites","name":"beachball-right.sprt","src":"game_assets/images/BEACHBALL-RIGHT-16x16.png?t=1596220623","width":16,"height":16,"positions":[[0,0],[16,0],[32,0],[48,0],[64,0],[80,0]],"frame":0,"frameMax":5,"frameTicker":0,"nextFrameAt":12},"collection":"sprites","id":268},{"name":"beachball-bottom.sprt","object":{"destination_dir":"game_assets/sprites","name":"beachball-bottom.sprt","src":"game_assets/images/BEACHBALL-BOTTOM-16X16.png?t=1595874939","width":16,"height":16,"positions":[[0,0],[16,0],[32,0],[48,0],[64,0],[80,0]],"frame":0,"frameMax":5,"frameTicker":0,"nextFrameAt":12},"collection":"sprites","id":269},{"name":"beach-rock.sprt","object":{"destination_dir":"game_assets/sprites","name":"beach-rock.sprt","src":"game_assets/images/BEACH-ROCK.png?t=1596123292","width":59,"height":55,"positions":[[0,0],[0,0]],"frame":0,"frameMax":1,"frameTicker":0,"nextFrameAt":12},"collection":"sprites","id":270},{"name":"teleportation-back.sprt","object":{"destination_dir":"game_assets/sprites","name":"teleportation-back.sprt","src":"game_assets/images/teleportation-spritesheet-sheet.png?t=1594084216","width":90,"height":700,"positions":[[450,0],[360,0],[270,0],[180,0],[90,0],[0,0]],"frame":0,"frameMax":5,"frameTicker":0,"nextFrameAt":12},"collection":"sprites","id":271},{"name":"disappear-600x100.sprt","object":{"name":"disappear-600x100.sprt","src":"game_assets/images/disappear-600x100.png?t=1580764811","width":100,"height":100,"positions":[[0,0],[100,0],[200,0],[300,0],[400,0],[500,0]],"frame":0,"frameMax":5,"frameTicker":0,"nextFrameAt":10},"collection":"sprites","id":272},{"name":"teleportation.sprt","object":{"destination_dir":"game_assets/sprites","name":"teleportation.sprt","src":"game_assets/images/teleportation-spritesheet-sheet.png?t=1594084216","width":90,"height":700,"positions":[[0,0],[90,0],[180,0],[270,0],[360,0],[450,0]],"frame":0,"frameMax":5,"frameTicker":0,"nextFrameAt":12},"collection":"sprites","id":273},{"name":"sand-360x600.sprt","object":{"destination_dir":"game_assets/sprites","name":"sand-360x600.sprt","src":"game_assets/images/sand-360x600.png?t=1587510678","width":360,"height":600,"positions":[[0,0],[0,0]],"frame":0,"frameMax":1,"frameTicker":0,"nextFrameAt":12},"collection":"sprites","id":274},{"name":"crocodile-rush-down-75x186.sprt","object":{"destination_dir":"game_assets/sprites","name":"crocodile-rush-down-75x186.sprt","src":"game_assets/images/crocodile-375x186.png?t=1587576990","width":75,"height":186,"positions":[[0,0],[75,0],[150,0],[75,0],[0,0],[225,0],[300,0],[225,0]],"frame":0,"frameMax":7,"frameTicker":0,"nextFrameAt":8},"collection":"sprites","id":275},{"name":"snake-static.sprt","object":{"destination_dir":"game_assets/sprites","name":"snake-static.sprt","src":"game_assets/images/snake-static-120x38.png?t=1587505376","width":40,"height":38,"positions":[[0,0],[40,0],[80,0]],"frame":0,"frameMax":2,"frameTicker":0,"nextFrameAt":12},"collection":"sprites","id":276},{"name":"snake-crawl-down.sprt","object":{"destination_dir":"game_assets/sprites","name":"snake-crawl-down.sprt","src":"game_assets/images/snake-crawl-down-384x92.png?t=1587491648","width":48,"height":92,"positions":[[0,0],[48,0],[96,0],[144,0],[192,0],[240,0],[288,0],[336,0]],"frame":0,"frameMax":7,"frameTicker":0,"nextFrameAt":12},"collection":"sprites","id":277},{"name":"crab-walk-192x32.sprt","object":{"destination_dir":"game_assets/sprites","name":"crab-walk-192x32.sprt","src":"game_assets/images/crab-walk-192x32.png?t=1587424340","width":48,"height":48,"positions":[[0,0],[48,0],[96,0],[144,0]],"frame":0,"frameMax":3,"frameTicker":0,"nextFrameAt":6},"collection":"sprites","id":278},{"name":"angel-GABRIELLE-fly.sprt","object":{"destination_dir":"game_assets/sprites","name":"angel-GABRIELLE-fly.sprt","src":"game_assets/images/ANGEL-GABRIELLE-FLY-NEUTRAL-spritesheet-320x63.png?t=1587238360","width":80,"height":63,"positions":[[0,0],[80,0],[160,0],[240,0]],"frame":0,"frameMax":3,"frameTicker":0,"nextFrameAt":12},"collection":"sprites","id":279},{"name":"angel-GABRIELLE-boxing.sprt","object":{"destination_dir":"game_assets/sprites","name":"angel-GABRIELLE-boxing.sprt","src":"game_assets/images/ANGEL-GABRIELLE-BOXING-640x103.png?t=1587251091","width":80,"height":103,"positions":[[0,0],[80,0],[160,0],[240,0],[320,0],[400,0],[480,0],[560,0]],"frame":0,"frameMax":7,"frameTicker":0,"nextFrameAt":6},"collection":"sprites","id":280},{"name":"angel-GABRIELLE-sword-shield.sprt","object":{"destination_dir":"game_assets/sprites","name":"angel-GABRIELLE-sword-shield.sprt","src":"game_assets/images/ANGEL-GABRIELLE-SWORD-SHIELD-320x103.png?t=1587252696","width":80,"height":103,"positions":[[0,0],[80,0],[160,0],[240,0]],"frame":0,"frameMax":3,"frameTicker":0,"nextFrameAt":4},"collection":"sprites","id":281},{"name":"angel-GABRIELLE-bow-arrow.sprt","object":{"destination_dir":"game_assets/sprites","name":"angel-GABRIELLE-bow-arrow.sprt","src":"game_assets/images/ANGEL-GABRIELLE-SHOOT-ARROW-320x103.png?t=1587241880","width":80,"height":103,"positions":[[0,0],[80,0],[160,0],[240,0]],"frame":0,"frameMax":3,"frameTicker":0,"nextFrameAt":6},"collection":"sprites","id":282},{"name":"angel-GABRIELLE-push-portal.sprt","object":{"destination_dir":"game_assets/sprites","name":"angel-GABRIELLE-push-portal.sprt","src":"game_assets/images/ANGEL-GABRIELLE-PUSH-PORTAL-spritesheet-320x63.png?t=1587238360","width":80,"height":63,"positions":[[0,0],[80,0],[160,0],[240,0]],"frame":0,"frameMax":3,"frameTicker":0,"nextFrameAt":12},"collection":"sprites","id":283},{"name":"angel-G-ARROW-fly.sprt","object":{"destination_dir":"game_assets/sprites","name":"angel-G-ARROW-fly.sprt","src":"game_assets/images/angel-Golden-ARROW-fly320x75.png?t=1609338197","width":80,"height":75,"positions":[[0,0],[80,0],[160,0],[240,0]],"frame":0,"frameMax":3,"frameTicker":0,"nextFrameAt":12,"hitboxes":""},"collection":"sprites","id":284},{"name":"angel-g-arrow-sword-shield.sprt","object":{"destination_dir":"game_assets/sprites","name":"angel-g-arrow-sword-shield.sprt","src":"game_assets/images/angel-G-arrow-sword-shield-320x105.png?t=1609338197","width":80,"height":105,"positions":[[0,0],[80,0],[0,0],[160,0],[0,0],[240,0]],"frame":0,"frameMax":5,"frameTicker":0,"nextFrameAt":6,"hitboxes":""},"collection":"sprites","id":285},{"name":"angel-archer-bow-arrow.sprt","object":{"destination_dir":"game_assets/sprites","name":"angel-archer-bow-arrow.sprt","src":"game_assets/images/ANGEL-ARCHER-BOW-spritesheet-320x75.png?t=1586988446","width":80,"height":105,"positions":[[0,0],[80,0],[160,0],[240,0]],"frame":0,"frameMax":3,"frameTicker":0,"nextFrameAt":3},"collection":"sprites","id":286},{"name":"angel-archer-push-portal.sprt","object":{"destination_dir":"game_assets/sprites","name":"angel-archer-push-portal.sprt","src":"game_assets/images/ANGEL-ARCHER-PUSH-PORTAL-spritesheet-320x75.png?t=1586976764","width":80,"height":75,"positions":[[0,0],[80,0],[160,0],[240,0]],"frame":0,"frameMax":3,"frameTicker":0,"nextFrameAt":12},"collection":"sprites","id":287},{"name":"angel-G-arrow-boxing.sprt","object":{"destination_dir":"game_assets/sprites","name":"angel-G-arrow-boxing.sprt","src":"game_assets/images/angel-G-arrow-boxing-800x85.png?t=1587079046","width":80,"height":85,"positions":[[0,0],[80,0],[160,0],[240,0],[320,0],[400,0],[480,0],[560,0],[640,0],[720,0]],"frame":0,"frameMax":9,"frameTicker":0,"nextFrameAt":8},"collection":"sprites","id":288},{"name":"angel-M.angelo-fly.sprt","object":{"destination_dir":"game_assets/sprites","name":"angel-M.angelo-fly.sprt","src":"game_assets/images/angel-M.angelo-fly320x70.png?t=1586471281","width":80,"height":70,"positions":[[0,0],[80,0],[160,0],[240,0]],"frame":0,"frameMax":3,"frameTicker":0,"nextFrameAt":12},"collection":"sprites","id":289},{"name":"angel-M.angelo-push-portal.sprt","object":{"destination_dir":"game_assets/sprites","name":"angel-M.angelo-push-portal.sprt","src":"game_assets/images/angel-M.angelo-push-portal-320x67.png?t=1586645181","width":80,"height":67,"positions":[[0,0],[80,0],[160,0],[240,0]],"frame":0,"frameMax":3,"frameTicker":0,"nextFrameAt":12},"collection":"sprites","id":290},{"name":"angel-M.angelo-boxing.sprt","object":{"destination_dir":"game_assets/sprites","name":"angel-M.angelo-boxing.sprt","src":"game_assets/images/angel-M.angelo-boxing-720x80.png?t=1586549237","width":80,"height":80,"positions":[[0,0],[80,0],[160,0],[240,0],[320,0],[400,0],[480,0],[560,0],[640,0],[320,0]],"frame":0,"frameMax":9,"frameTicker":0,"nextFrameAt":5},"collection":"sprites","id":291},{"name":"angel-archer.sprt","object":{"name":"angel-archer.sprt","src":"game_assets/images/angel-archer-spritesheet-300x46.png?t=1580660367","width":50,"height":46,"positions":[[0,0],[50,0],[100,0],[150,0],[200,0],[250,0]],"frame":0,"frameMax":5,"frameTicker":0,"nextFrameAt":12},"collection":"sprites","id":292},{"name":"angel-M.angelo-archer.sprt","object":{"destination_dir":"game_assets/sprites","name":"angel-M.angelo-archer.sprt","src":"game_assets/images/angel-M.angelo-archer-320x90.png?t=1586626898","width":80,"height":90,"positions":[[0,0],[80,0],[160,0],[240,0]],"frame":0,"frameMax":3,"frameTicker":0,"nextFrameAt":3},"collection":"sprites","id":293},{"name":"angel-M.angelo-sword-shield.sprt","object":{"destination_dir":"game_assets/sprites","name":"angel-M.angelo-sword-shield.sprt","src":"game_assets/images/angel-M.angelo-sword-shield-320x94.png?t=1591459080","width":80,"height":94,"positions":[[0,0],[80,0],[0,0],[160,0],[0,0],[240,0]],"frame":0,"frameMax":5,"frameTicker":0,"nextFrameAt":6},"collection":"sprites","id":294},{"name":"gold-coin-12.5x13.sprt","object":{"destination_dir":"game_assets/sprites","name":"gold-coin-12.5x13.sprt","src":"game_assets/images/gold-coin-spritesheet-75x13.png?t=1583025964","width":12.5,"height":13,"positions":[[0,0],[12.5,0],[25,0],[37.5,0],[50,0],[62.5,0]],"frame":0,"frameMax":5,"frameTicker":0,"nextFrameAt":10},"collection":"sprites","id":295},{"name":"sword-shield-powerup.sprt","object":{"destination_dir":"game_assets/sprites","name":"sword-shield-powerup.sprt","src":"game_assets/images/sword-shield-powerup.png?t=1583852507","width":48,"height":48,"positions":[[0,0]],"frame":0,"frameMax":1,"frameTicker":0,"nextFrameAt":12},"collection":"sprites","id":296},{"name":"force-field-50x50.sprt","object":{"destination_dir":"game_assets/sprites","name":"force-field-50x50.sprt","src":"game_assets/images/FORCE-FIELD-250X50.png?t=1582897762","width":50,"height":50,"positions":[[0,0],[50,0],[100,0],[150,0],[200,0]],"frame":0,"frameMax":4,"frameTicker":0,"nextFrameAt":12},"collection":"sprites","id":297},{"name":"small-collision-48x48.sprt","object":{"destination_dir":"game_assets/sprites","name":"small-collision-48x48.sprt","src":"game_assets/images/collision-48x48.png?t=1582591787","width":48,"height":48,"positions":[[0,0],[0,0]],"frame":0,"frameMax":1,"frameTicker":0,"nextFrameAt":12},"collection":"sprites","id":298},{"name":"collision-16x16.sprt","object":{"destination_dir":"game_assets/sprites","name":"collision-16x16.sprt","src":"game_assets/images/collision-16x16.png?t=1582588172","width":16,"height":16,"positions":[[0,0],[0,0]],"frame":0,"frameMax":1,"frameTicker":0,"nextFrameAt":12},"collection":"sprites","id":299},{"name":"combo-star-100x500.sprt","object":{"name":"combo-star-100x500.sprt","src":"game_assets/images/combo-star-100x500.png?t=1580839764","width":100,"height":100,"positions":[[0,0],[100,0],[200,0],[300,0],[400,0]],"frame":0,"frameMax":4,"frameTicker":0,"nextFrameAt":6},"collection":"sprites","id":300},{"name":"boxing-gloves-powerup.sprt","object":{"name":"boxing-gloves-powerup.sprt","src":"game_assets/images/gloves-powerup.png?t=1580603563","width":24,"height":46,"positions":[[0,0],[0,0]],"frame":0,"frameMax":1,"frameTicker":0,"nextFrameAt":12},"collection":"sprites","id":301},{"name":"bow-arrow-powerup.sprt","object":{"name":"bow-arrow-powerup.sprt","src":"game_assets/images/bow-arrow-powerup.png?t=1580597166","width":24,"height":46,"positions":[[0,0],[0,0]],"frame":0,"frameMax":1,"frameTicker":0,"nextFrameAt":1},"collection":"sprites","id":302},{"name":"sand-360x600.ent","object":{"destination_dir":"game_assets/entities","name":"sand-360x600.ent","type":"graphic","energy":0,"strength":0,"resistance":0,"description":"sand background 360x600 ","firstStateAt":0,"states":[],"drawOnCanvas":"ground","x":0,"y":0,"dx":0,"dy":0,"path":-1,"pathEnd":"loop","pathStep":1,"pathIdx":0,"UP":"","LEFT":"","DEFAULT":"sand-360x600.sprt","RIGHT":"","DOWN":"","APPEAR":"","DISAPPEAR":"","bounceHorizontally":false,"bounceVertically":false,"outOfHorizontalBoundaryRemove":false,"outOfVerticalBoundaryRemove":false,"collideWithPaddleRemove":false,"collideWithPaddleBounce":false,"BounceBallVertically":false,"BounceBallHorizontally":false,"collideBallRemoveBall":false,"collideBallAttacksBall":false,"collideBallLoseEnergy":false,"collidePaddleLoseEnergy":false,"collideWithBWRemove":false,"collideWithBWBounce":false},"description":"sand background 360x600 ","collection":"entities","id":303},{"name":"angel-portal-powerup.ent","object":{"name":"angel-portal-powerup.ent","type":"powerup","energy":0,"strength":0,"description":"powerup that geenrates a portal which will spawn angels during a limited amount of time before disappearing","firstStateAt":0,"states":[],"drawOnCanvas":"sky","x":129,"y":264,"dx":0,"dy":0,"path":-1,"pathEnd":"loop","pathStep":1,"pathIdx":0,"UP":"","LEFT":"","DEFAULT":"angel-portal.sprt","RIGHT":"","DOWN":"","APPEAR":"","DISAPPEAR":"","bounceHorizontally":false,"bounceVertically":false,"outOfHorizontalBoundaryRemove":true,"outOfVerticalBoundaryRemove":true,"collideWithPaddleRemove":false,"collideWithPaddleBounce":false,"BounceBallVertically":false,"BounceBallHorizontally":false,"collideBallRemoveBall":false,"collideBallAttacksBall":false,"collideBallLoseEnergy":false,"collidePaddleLoseEnergy":false,"collideWithBWRemove":false,"collideWithBWBounce":false},"description":"powerup that geenrates a portal which will spawn angels during a limited amount of time before disappearing","collection":"entities","id":304},{"name":"gold-coin-12.5x13.ent","object":{"destination_dir":"game_assets/entities","name":"gold-coin-12.5x13.ent","type":"powerup","energy":0,"strength":0,"description":"gold coin 12.5x13","firstStateAt":5000,"states":[{"next":"0","action":{"name":"removeSelf","params":{"name":""}}}],"drawOnCanvas":"comboStar","x":158,"y":192,"dx":0,"dy":0,"path":-1,"pathEnd":"loop","pathStep":1,"pathIdx":0,"UP":"","LEFT":"","DEFAULT":"gold-coin-12.5x13.sprt","RIGHT":"","DOWN":"","APPEAR":"","DISAPPEAR":"","bounceHorizontally":false,"bounceVertically":false,"outOfHorizontalBoundaryRemove":true,"outOfVerticalBoundaryRemove":true,"collideWithPaddleRemove":false,"collideWithPaddleBounce":false,"BounceBallVertically":false,"BounceBallHorizontally":false,"collideBallRemoveBall":false,"collideBallAttacksBall":false,"collideBallLoseEnergy":false,"collidePaddleLoseEnergy":false,"collideWithBWRemove":false,"collideWithBWBounce":false},"description":"gold coin 12.5x13","collection":"entities","id":305},{"name":"sword-shield-powerup.ent","object":{"destination_dir":"game_assets/entities","name":"sword-shield-powerup.ent","type":"powerup","energy":0,"strength":2,"resistance":20,"description":"power up that gives angel the boxing gloves","firstStateAt":0,"states":[],"drawOnCanvas":"ground","x":161,"y":202,"dx":0,"dy":0,"path":-1,"pathEnd":"loop","pathStep":1,"pathIdx":0,"UP":"","LEFT":"","DEFAULT":"sword-shield-powerup.sprt","RIGHT":"","DOWN":"","APPEAR":"","DISAPPEAR":"","bounceHorizontally":false,"bounceVertically":false,"outOfHorizontalBoundaryRemove":true,"outOfVerticalBoundaryRemove":true,"collideWithPaddleRemove":false,"collideWithPaddleBounce":false,"BounceBallVertically":false,"BounceBallHorizontally":false,"collideBallRemoveBall":false,"collideBallAttacksBall":false,"collideBallLoseEnergy":false,"collidePaddleLoseEnergy":false,"collideWithBWRemove":false,"collideWithBWBounce":false},"description":"power up that gives angel the boxing gloves","collection":"entities","id":306},{"name":"small-collision-48x48.ent","object":{"destination_dir":"game_assets/entities","name":"small-collision-48x48.ent","type":"graphic","energy":0,"strength":0,"resistance":0,"description":"yellow collision sparkle 48x48","firstStateAt":1,"states":[{"next":"0","action":{"name":"removeSelf","params":{"name":""}}}],"drawOnCanvas":"comboStar","x":149,"y":218,"dx":0,"dy":0,"path":-1,"pathEnd":"loop","pathStep":0,"pathIdx":0,"UP":"","LEFT":"","DEFAULT":"small-collision-48x48.sprt","RIGHT":"","DOWN":"","APPEAR":"","DISAPPEAR":"","PUNCHED":"","rotateForOrientation":false,"spriteFacingUp":false,"bounceHorizontally":false,"bounceVertically":false,"outOfHorizontalBoundaryRemove":false,"outOfVerticalBoundaryRemove":false,"collideWithPaddleRemove":false,"collideWithPaddleBounce":false,"BounceBallVertically":false,"BounceBallHorizontally":false,"collideBallRemoveBall":false,"collideBallAttacksBall":false,"collideBallLoseEnergy":false,"collidePaddleLoseEnergy":false,"collideWithBWRemove":false,"collideWithBWBounce":false},"description":"yellow collision sparkle 48x48","collection":"entities","id":307},{"name":"force-field-50x50.ent","object":{"destination_dir":"game_assets/entities","name":"force-field-50x50.ent","type":"ball","energy":0,"strength":0,"description":"wraps a ball char when spawned for a limited amount of time","firstStateAt":5000,"states":[],"drawOnCanvas":"sky","x":152,"y":181,"dx":0,"dy":0,"path":-1,"pathEnd":"loop","pathStep":0,"pathIdx":0,"UP":"","LEFT":"","DEFAULT":"force-field-50x50.sprt","RIGHT":"","DOWN":"","APPEAR":"","DISAPPEAR":"","bounceHorizontally":false,"bounceVertically":false,"outOfHorizontalBoundaryRemove":false,"outOfVerticalBoundaryRemove":false,"collideWithPaddleRemove":false,"collideWithPaddleBounce":false,"BounceBallVertically":false,"BounceBallHorizontally":false,"collideBallRemoveBall":false,"collideBallAttacksBall":false,"collideBallLoseEnergy":false,"collidePaddleLoseEnergy":false,"collideWithBWRemove":false},"description":"wraps a ball char when spawned for a limited amount of time","collection":"entities","id":308},{"name":"small-collision-16x16.ent","object":{"destination_dir":"game_assets/entities","name":"small-collision-16x16.ent","type":"graphic","energy":0,"strength":0,"description":"red collision 16x16","firstStateAt":20,"states":[{"next":"0","action":{"name":"removeSelf","params":{"name":""}}}],"drawOnCanvas":"comboStar","x":158,"y":192,"dx":0,"dy":0,"path":-1,"pathEnd":"loop","pathStep":1,"pathIdx":0,"UP":"","LEFT":"","DEFAULT":"collision-16x16.sprt","RIGHT":"","DOWN":"","APPEAR":"","DISAPPEAR":""},"description":"red collision 16x16","collection":"entities","id":309},{"name":"arrow.ent","object":{"destination_dir":"game_assets/entities","name":"arrow.ent","type":"ball","energy":0,"strength":3,"resistance":0,"description":"an arrow shot by paddle","firstStateAt":10,"states":[{"next":"0","action":{"name":"removeSelf","params":{"name":""}}}],"drawOnCanvas":"aboveGround","x":177,"y":259,"dx":0,"dy":-10,"path":-1,"pathEnd":"loop","pathStep":1,"pathIdx":0,"UP":"","LEFT":"","DEFAULT":"arrow.sprt","RIGHT":"","DOWN":"","APPEAR":"","DISAPPEAR":"","bounceHorizontally":false,"bounceVertically":false,"outOfHorizontalBoundaryRemove":true,"outOfVerticalBoundaryRemove":true,"collideWithPaddleRemove":false,"collideWithPaddleBounce":false,"BounceBallVertically":false,"BounceBallHorizontally":false,"collideBallRemoveBall":false,"collideBallAttacksBall":false,"collideBallLoseEnergy":false,"collidePaddleLoseEnergy":false,"collideWithBWRemove":true,"collideWithBWBounce":false},"description":"an arrow shot by paddle","collection":"entities","id":310},{"name":"angel-portal.ent","object":{"name":"angel-portal.ent","type":"ball","energy":-1,"strength":-1,"description":"entity that spawns angels","firstStateAt":50,"states":[{"next":"0","action":{"name":"removeSelf","params":{"name":""}}}],"drawOnCanvas":"sky","x":129,"y":264,"dx":0,"dy":0,"path":-1,"pathEnd":"loop","pathStep":1,"pathIdx":0,"UP":"","LEFT":"","DEFAULT":"angel-portal.sprt","RIGHT":"","DOWN":"","APPEAR":"","DISAPPEAR":"","bounceHorizontally":false,"bounceVertically":false,"outOfHorizontalBoundaryRemove":false,"outOfVerticalBoundaryRemove":false,"collideWithPaddleRemove":false,"collideWithPaddleBounce":false,"BounceBallVertically":false,"BounceBallHorizontally":false,"collideBallRemoveBall":false,"collideBallAttacksBall":false,"collideBallLoseEnergy":false,"collidePaddleLoseEnergy":false,"collideWithBWRemove":false,"collideWithBWBounce":false},"description":"entity that spawns angels","collection":"entities","id":311},{"name":"disappear-600x100.ent","object":{"name":"disappear-600x100.ent","type":"graphic","energy":0,"strength":0,"description":"dissipation FX - can be used to show an enemy disappeared","firstStateAt":6,"states":[{"next":"0","action":{"name":"removeSelf","params":{"name":""}}}],"drawOnCanvas":"sky","x":127,"y":145,"dx":0,"dy":0,"path":-1,"pathEnd":"loop","pathStep":1,"pathIdx":0,"UP":"","LEFT":"","DEFAULT":"disappear-600x100.sprt","RIGHT":"","DOWN":"","APPEAR":"","DISAPPEAR":"","bounceHorizontally":false,"bounceVertically":false,"outOfHorizontalBoundaryRemove":true,"outOfVerticalBoundaryRemove":true,"collideWithPaddleRemove":false,"collideWithPaddleBounce":false,"BounceBallVertically":false,"BounceBallHorizontally":false,"collideBallRemoveBall":false,"collideBallAttacksBall":false,"collideBallLoseEnergy":false,"collidePaddleLoseEnergy":false,"collideWithBWBounce":false},"description":"dissipation FX - can be used to show an enemy disappeared","collection":"entities","id":312},{"name":"bow-arrow-powerup.ent","object":{"name":"bow-arrow-powerup.ent","type":"powerup","energy":0,"strength":0,"description":"","firstStateAt":0,"states":[],"drawOnCanvas":"ground","x":168,"y":244,"dx":0,"dy":0,"path":"","pathEnd":"loop","pathStep":1,"pathIdx":0,"UP":"","LEFT":"","DEFAULT":"bow-arrow-powerup.sprt","RIGHT":"","DOWN":"","APPEAR":"","DISAPPEAR":"","bounceHorizontally":false,"bounceVertically":false,"outOfHorizontalBoundaryRemove":true,"outOfVerticalBoundaryRemove":true,"collideWithPaddleRemove":false,"collideWithPaddleBounce":false,"BounceBallVertically":false,"BounceBallHorizontally":false,"collideBallRemoveBall":false,"collideBallAttacksBall":false,"collideBallLoseEnergy":false,"collidePaddleLoseEnergy":false,"collideWithBWRemove":false,"collideWithBWBounce":false},"description":"","collection":"entities","id":313},{"name":"ocean-waves-360x650.ent","object":{"destination_dir":"game_assets/entities","name":"ocean-waves-360x650.ent","type":"graphic","energy":0,"strength":0,"resistance":0,"description":"ocean waves background","firstStateAt":0,"states":[],"drawOnCanvas":"groundScrolling","x":0,"y":0,"dx":0,"dy":0,"path":-1,"pathEnd":"loop","pathStep":1,"pathIdx":0,"UP":"","LEFT":"","DEFAULT":"ocean-waves-360x650.sprt","RIGHT":"","DOWN":"","APPEAR":"","DISAPPEAR":"","bounceHorizontally":false,"bounceVertically":false,"outOfHorizontalBoundaryRemove":false,"outOfVerticalBoundaryRemove":false,"collideWithPaddleRemove":false,"collideWithPaddleBounce":false,"BounceBallVertically":false,"BounceBallHorizontally":false,"collideBallRemoveBall":false,"collideBallAttacksBall":false,"collideBallLoseEnergy":false,"collidePaddleLoseEnergy":false,"collideWithBWRemove":false,"collideWithBWBounce":false},"description":"ocean waves background","collection":"entities","id":314},{"name":"splash-140x250.ent","object":{"destination_dir":"game_assets/entities","name":"splash-140x250.ent","type":"graphic","energy":0,"strength":0,"resistance":0,"description":"splash animation for big sprite diving or emerging in water","firstStateAt":0,"states":[{"next":"15","drawOnCanvas":"aboveGround"},{"next":"0","action":{"name":"removeSelf","params":{"name":""}}}],"drawOnCanvas":"aboveGround","x":108,"y":141,"dx":0,"dy":0,"path":-1,"pathEnd":"loop","pathStep":1,"pathIdx":0,"UP":"","LEFT":"","DEFAULT":"splash-140x250.sprt","RIGHT":"","DOWN":"","APPEAR":"","DISAPPEAR":"","bounceHorizontally":false,"bounceVertically":false,"outOfHorizontalBoundaryRemove":false,"outOfVerticalBoundaryRemove":false,"collideWithPaddleRemove":false,"collideWithPaddleBounce":false,"BounceBallVertically":false,"BounceBallHorizontally":false,"collideBallRemoveBall":false,"collideBallAttacksBall":false,"collideBallLoseEnergy":false,"collidePaddleLoseEnergy":false,"collideWithBWRemove":false,"collideWithBWBounce":false},"description":"splash animation for big sprite diving or emerging in water","collection":"entities","id":315},{"name":"arrow.sprt","object":{"name":"arrow.sprt","src":"game_assets/images/arrow.png?t=1580394974","width":5,"height":20,"positions":[[0,0],[0,0]],"frame":0,"frameMax":1,"frameTicker":0,"nextFrameAt":1},"collection":"sprites","id":316},{"name":"boxing-gloves-powerup.ent","object":{"destination_dir":"game_assets/entities","name":"boxing-gloves-powerup.ent","type":"powerup","energy":0,"strength":2,"resistance":0,"description":"power up that gives angel the boxing gloves","firstStateAt":0,"states":[],"drawOnCanvas":"ground","x":184,"y":239,"dx":0,"dy":0,"path":-1,"pathEnd":"loop","pathStep":1,"pathIdx":0,"UP":"","LEFT":"","DEFAULT":"boxing-gloves-powerup.sprt","RIGHT":"","DOWN":"","APPEAR":"","DISAPPEAR":"","PUNCHED":"","bounceHorizontally":false,"bounceVertically":false,"outOfHorizontalBoundaryRemove":true,"outOfVerticalBoundaryRemove":true,"collideWithPaddleRemove":false,"collideWithPaddleBounce":false,"BounceBallVertically":false,"BounceBallHorizontally":false,"collideBallRemoveBall":false,"collideBallAttacksBall":false,"collideBallLoseEnergy":false,"collidePaddleLoseEnergy":false,"collideWithBWRemove":false,"collideWithBWBounce":false},"description":"power up that gives angel the boxing gloves","collection":"entities","id":317},{"name":"angel-portal.sprt","object":{"name":"angel-portal.sprt","src":"game_assets/images/angel-portal-spritesheet.png?t=1581015336","width":100,"height":80,"positions":[[0,0],[100,0],[200,0]],"frame":0,"frameMax":2,"frameTicker":0,"nextFrameAt":12},"collection":"sprites","id":318},{"name":"angel.ball.ent","object":{"destination_dir":"game_assets/entities","name":"angel.ball.ent","type":"ball","energy":20,"strength":3,"resistance":5,"description":"ball entity","firstStateAt":"","states":[],"drawOnCanvas":"sky","x":161,"y":429,"dx":"","dy":-2,"path":-1,"pathEnd":"loop","pathStep":0,"pathIdx":0,"UP":"angel-flying-up.sprt","LEFT":"angel-flying-left.sprt","DEFAULT":"angel-flying-up.sprt","RIGHT":"angel-flying-right.sprt","DOWN":"angel-flying-down.sprt","APPEAR":"","DISAPPEAR":"","bounceHorizontally":true,"bounceVertically":true,"outOfHorizontalBoundaryRemove":false,"outOfVerticalBoundaryRemove":false,"collideWithPaddleRemove":false,"collideWithPaddleBounce":true,"BounceBallVertically":false,"BounceBallHorizontally":false,"collideBallRemoveBall":false,"collideBallAttacksBall":false,"collideBallLoseEnergy":false,"collidePaddleLoseEnergy":false,"collideWithBWRemove":false,"collideWithBWBounce":true},"description":"ball entity","collection":"entities","id":319},{"name":"combo-star-100x500.ent","object":{"name":"combo-star-100x500.ent","type":"graphic","energy":0,"strength":0,"description":"star that highlights combos","firstStateAt":5,"states":[{"next":"0","action":{"name":"removeSelf","params":{"name":""}}}],"drawOnCanvas":"sky","x":0,"y":0,"dx":0,"dy":0,"path":"","pathEnd":"loop","pathStep":1,"pathIdx":0,"UP":"","LEFT":"","DEFAULT":"combo-star-100x500.sprt","RIGHT":"","DOWN":"","APPEAR":"","DISAPPEAR":"","bounceHorizontally":false,"bounceVertically":false,"outOfHorizontalBoundaryRemove":false,"outOfVerticalBoundaryRemove":false,"collideWithPaddleRemove":false,"collideWithPaddleBounce":false,"BounceBallVertically":false,"BounceBallHorizontally":false,"collideBallRemoveBall":false,"collideBallAttacksBall":false,"collideBallLoseEnergy":false,"collidePaddleLoseEnergy":false,"collideWithBWRemove":false,"collideWithBWBounce":false},"description":"star that highlights combos","collection":"entities","id":320},{"name":"angel-flying.sprt","object":{"name":"angel-flying.sprt","src":"game_assets/images/angel-neutral-up-spritesheet-60x28.png?t=1580643747","width":30,"height":28,"positions":[[0,0],[30,0]],"frame":0,"frameMax":1,"frameTicker":0,"nextFrameAt":12},"collection":"sprites","id":321},{"name":"angel-flying-left.sprt","object":{"name":"angel-flying-left.sprt","src":"game_assets/images/angel-flying-spritesheet-240x28.png?t=1581027861","width":30,"height":28,"positions":[[180,0],[210,0]],"frame":0,"frameMax":1,"frameTicker":0,"nextFrameAt":12},"collection":"sprites","id":322},{"name":"angel-flying-right.sprt","object":{"name":"angel-flying-right.sprt","src":"game_assets/images/angel-flying-spritesheet-240x28.png?t=1581027861","width":30,"height":28,"positions":[[120,0],[150,0]],"frame":0,"frameMax":1,"frameTicker":0,"nextFrameAt":12},"collection":"sprites","id":323},{"name":"great-white-attack-up-down.sprt","object":{"destination_dir":"game_assets/sprites","name":"great-white-attack-up-down.sprt","src":"game_assets/images/great-white-attack-up-down-560x250.png?t=1587684968","width":140,"height":250,"positions":[[0,0],[140,0],[280,0],[420,0]],"frame":0,"frameMax":3,"frameTicker":0,"nextFrameAt":48},"collection":"sprites","id":324},{"name":"shark-64x30-attack-left.sprt","object":{"destination_dir":"game_assets/sprites","name":"shark-64x30-attack-left.sprt","src":"game_assets/images/shark-34x30-left-spritesheet.png","width":64,"height":30,"positions":[[192,0],[128,0],[64,0],[0,0]],"frame":0,"frameMax":3,"frameTicker":0,"nextFrameAt":8},"collection":"sprites","id":325},{"name":"shark-64x30-groggy.sprt","object":{"destination_dir":"game_assets/sprites","name":"shark-64x30-groggy.sprt","src":"game_assets/images/shark-64x30-groggy-spritesheet.png?t=1594857285","width":64,"height":30,"positions":[[0,0],[64,0],[128,0],[192,0]],"frame":0,"frameMax":3,"frameTicker":0,"nextFrameAt":8},"collection":"sprites","id":326},{"name":"shark-in-water-right.sprt","object":{"destination_dir":"game_assets/sprites","name":"shark-in-water-right.sprt","src":"game_assets/images/shark-in-water-right.png?t=1592602110","width":70,"height":104,"positions":[[210,0],[0,0],[70,0],[140,0],[140,0],[70,0],[0,0],[210,0]],"frame":0,"frameMax":6,"frameTicker":0,"nextFrameAt":12},"collection":"sprites","id":327},{"name":"shark-in-water-left.sprt","object":{"destination_dir":"game_assets/sprites","name":"shark-in-water-left.sprt","src":"game_assets/images/shark-in-water-left.png?t=1592602110","width":70,"height":104,"positions":[[210,0],[0,0],[70,0],[140,0],[140,0],[70,0],[0,0],[210,0]],"frame":0,"frameMax":6,"frameTicker":0,"nextFrameAt":12},"collection":"sprites","id":328},{"name":"splash-140x250.sprt","object":{"destination_dir":"game_assets/sprites","name":"splash-140x250.sprt","src":"game_assets/images/splash-spritesheet-140x250.png?t=1593560217","width":140,"height":250,"positions":[[0,0],[140,0],[280,0],[420,0],[560,0],[700,0],[840,0],[980,0]],"frame":0,"frameMax":7,"frameTicker":0,"nextFrameAt":12},"collection":"sprites","id":329},{"name":"shark-64x30-move-right.sprt","object":{"destination_dir":"game_assets/sprites","name":"shark-64x30-move-right.sprt","src":"game_assets/images/shark-34x30-right-fin-spritesheet.png?t=1594826053","width":64,"height":30,"positions":[[192,0],[192,0],[128,0],[128,0],[64,0],[64,0],[0,0],[0,0]],"frame":0,"frameMax":3,"frameTicker":0,"nextFrameAt":12},"collection":"sprites","id":330},{"name":"shark-groggy.sprt","object":{"destination_dir":"game_assets/sprites","name":"shark-groggy.sprt","src":"game_assets/images/great-white-GROGGY-420x250.png?t=1593815582","width":140,"height":250,"positions":[[280,0],[0,0],[140,0],[0,0]],"frame":0,"frameMax":3,"frameTicker":0,"nextFrameAt":24},"collection":"sprites","id":331},{"name":"shark-64x30-move-left.sprt","object":{"destination_dir":"game_assets/sprites","name":"shark-64x30-move-left.sprt","src":"game_assets/images/shark-34x30-left-fin-spritesheet.png?t=1594826053","width":64,"height":30,"positions":[[0,0],[0,0],[64,0],[64,0],[128,0],[128,0],[192,0],[192,0]],"frame":0,"frameMax":3,"frameTicker":0,"nextFrameAt":12},"collection":"sprites","id":332},{"name":"shark-64x30-attack-right.sprt","object":{"destination_dir":"game_assets/sprites","name":"shark-64x30-attack-right.sprt","src":"game_assets/images/shark-34x30-right-spritesheet.png?t=1594824681","width":64,"height":30,"positions":[[0,0],[64,0],[128,0],[192,0]],"frame":0,"frameMax":3,"frameTicker":0,"nextFrameAt":8},"collection":"sprites","id":333},{"name":"shark-30x64-attack-up.sprt","object":{"destination_dir":"game_assets/sprites","name":"shark-30x64-attack-up.sprt","src":"game_assets/images/shark-20x43-up-spritesheet-sheet.png?t=1594974925","width":20,"height":43,"positions":[[0,0],[20,0],[40,0],[60,0],[80,0]],"frame":0,"frameMax":4,"frameTicker":0,"nextFrameAt":8},"collection":"sprites","id":334},{"name":"angel-flying-down.sprt","object":{"name":"angel-flying-down.sprt","src":"game_assets/images/angel-flying-spritesheet-240x28.png?t=1581027861","width":30,"height":28,"positions":[[60,0],[90,0]],"frame":0,"frameMax":1,"frameTicker":0,"nextFrameAt":12},"collection":"sprites","id":335},{"name":"shark-30x64-attack-down.sprt","object":{"destination_dir":"game_assets/sprites","name":"shark-30x64-attack-down.sprt","src":"game_assets/images/shark-20x43-down-spritesheet-sheet.png?t=1594974525","width":20,"height":43,"positions":[[0,0],[20,0],[40,0],[60,0],[80,0]],"frame":0,"frameMax":4,"frameTicker":0,"nextFrameAt":8},"collection":"sprites","id":336},{"name":"great-white-attack-up.sprt","object":{"destination_dir":"game_assets/sprites","name":"great-white-attack-up.sprt","src":"game_assets/images/great-white-attack-up-down-560x250.png?t=1606366894","width":140,"height":250,"positions":[[0,0],[140,0]],"frame":0,"frameMax":1,"frameTicker":0,"nextFrameAt":96,"hitboxes":[{"x":44,"y":0,"h":248,"w":52,"idx":0},{"x":46,"y":31,"h":201,"w":50,"idx":1}]},"collection":"sprites","id":337},{"name":"clouds.BG.1.sprt","object":{"name":"clouds.BG.1.sprt","src":"game_assets/images/CLOUDS-BG-1-360x700.png?t=1581352795","width":360,"height":700,"positions":[[0,0],[0,0]],"frame":0,"frameMax":1,"frameTicker":0,"nextFrameAt":12},"collection":"sprites","id":338},{"name":"great-white-attack-down.sprt","object":{"destination_dir":"game_assets/sprites","name":"great-white-attack-down.sprt","src":"game_assets/images/great-white-attack-up-down-560x250.png?t=1606365991","width":140,"height":250,"positions":[[280,0],[420,0]],"frame":0,"frameMax":1,"frameTicker":0,"nextFrameAt":48,"hitboxes":[{"x":25,"y":75,"h":145,"w":83,"idx":0},{"x":44,"y":43,"h":200,"w":49,"idx":1}]},"collection":"sprites","id":339},{"name":"left-shark-attack.sprt","object":{"destination_dir":"game_assets/sprites","name":"left-shark-attack.sprt","src":"game_assets/images/shark-34x30-left-spritesheet.png?t=1594845891","width":64,"height":30,"positions":[[0,0],[64,0],[128,0],[192,0]],"frame":0,"frameMax":3,"frameTicker":0,"nextFrameAt":8},"collection":"sprites","id":340},{"name":"angel-flying-up.sprt","object":{"name":"angel-flying-up.sprt","src":"game_assets/images/angel-flying-spritesheet-240x28.png?t=1581027861","width":30,"height":28,"positions":[[0,0],[30,0]],"frame":0,"frameMax":1,"frameTicker":0,"nextFrameAt":12},"collection":"sprites","id":341},{"name":"ocean-waves-360x650.sprt","object":{"destination_dir":"game_assets/sprites","name":"ocean-waves-360x650.sprt","src":"game_assets/images/ocean-waves-spritesheet-360x650.png?t=1593632683","width":360,"height":650,"positions":[[0,0],[360,0],[720,0],[1080,0],[720,0],[360,0]],"frame":0,"frameMax":5,"frameTicker":0,"nextFrameAt":24},"collection":"sprites","id":342},{"name":"angel-sword-shield.sprt","object":{"destination_dir":"game_assets/sprites","name":"angel-sword-shield.sprt","src":"game_assets/images/angel-sword-shield-spritesheet-150x46.png?t=1583847457","width":50,"height":46,"positions":[[0,0],[50,0],[100,0]],"frame":0,"frameMax":2,"frameTicker":0,"nextFrameAt":5},"collection":"sprites","id":343},{"name":"waves-64x64.sprt","object":{"destination_dir":"game_assets/sprites","name":"waves-64x64.sprt","src":"game_assets/images/waves-spritesheet.png?t=1593631685","width":64,"height":64,"positions":[[0,0],[64,0],[128,0],[192,0],[128,0],[64,0]],"frame":0,"frameMax":5,"frameTicker":0,"nextFrameAt":24},"collection":"sprites","id":344},{"name":"angel-boxing.sprt","object":{"destination_dir":"game_assets/sprites","name":"angel-boxing.sprt","src":"game_assets/images/angel-boxing-spritesheet-150x46.png?t=1591459080","width":50,"height":46,"positions":[[0,0],[0,0],[50,0],[50,0],[100,0],[100,0],[50,0],[50,0]],"frame":0,"frameMax":7,"frameTicker":0,"nextFrameAt":5},"collection":"sprites","id":345},{"name":"turtle_shell.bw","object":{"destination_dir":"game_assets/brickwalls","brickwall_name":"turtle_shell.bw","wallBrickMap":"[-1,-1,-1,2,2,2,2,-1,-1,-1,-1,-1,2,18,18,18,18,2,-1,-1,-1,2,2,18,19,19,18,2,2,-1,-1,2,18,2,17,17,2,18,2,-1,-1,2,18,17,14,14,17,18,2,-1,-1,2,2,2,14,14,2,2,2,-1,-1,2,18,17,19,19,17,18,2,-1,-1,2,18,2,17,17,2,18,2,-1,-1,-1,2,18,18,18,18,2,-1,-1,-1,-1,-1,2,2,2,2,-1,-1,-1]","wallBrickMapEnergy":"[0,0,0,3,3,3,3,0,0,0,0,0,3,1,1,1,1,3,0,0,0,3,3,1,1,1,1,3,3,0,0,3,1,3,3,1,3,1,3,0,0,3,1,1,1,1,1,1,3,0,0,3,3,3,1,1,3,3,3,0,0,3,1,1,1,1,1,1,3,0,0,3,1,3,1,1,3,1,3,0,0,0,3,1,1,1,1,3,0,0,0,0,0,3,3,3,3,0,0,0]","description":"Turtle shell","brickWidth":36,"brickHeight":36,"brickRowCount":10,"brickColumnCount":10,"brickPadding":0,"bricksFillStyle":"","brickWallSkin":"color","bricksEqualTiles":"same","brickWallImage":"","tileWidth":36,"tileHeight":36,"mapRows":10,"mapColumns":10,"sourceWidth":360,"sourceHeight":360},"description":"Turtle shell","collection":"brickwalls","id":346},{"name":"swimmer-female-blonde.ent","object":{"destination_dir":"game_assets/entities","name":"swimmer-female-blonde.ent","type":"ball","energy":10,"strength":0,"resistance":0,"description":"swimmer female blonde","firstStateAt":0,"states":[],"drawOnCanvas":"aboveGround","x":158,"y":376,"dx":0,"dy":0,"path":-1,"pathEnd":"loop","pathStep":1,"pathIdx":0,"UP":"","LEFT":"","DEFAULT":"swimmer-female-blonde.sprt","RIGHT":"","DOWN":"","APPEAR":"","DISAPPEAR":"","PUNCHED":"","rotateForOrientation":true,"spriteFacingUp":true,"bounceHorizontally":true,"bounceVertically":true,"outOfHorizontalBoundaryRemove":false,"outOfVerticalBoundaryRemove":false,"collideWithPaddleRemove":false,"collideWithPaddleBounce":true,"BounceBallVertically":false,"BounceBallHorizontally":false,"collideBallRemoveBall":false,"collideBallAttacksBall":false,"collideBallLoseEnergy":false},"description":"swimmer female blonde","collection":"entities","id":347},{"name":"beach-rock.ent","object":{"destination_dir":"game_assets/entities","name":"beach-rock.ent","type":"obstacle","energy":0,"strength":0,"resistance":0,"description":"beach rock","firstStateAt":0,"states":[],"drawOnCanvas":"aboveGround","x":146,"y":175,"dx":0,"dy":0,"path":-1,"pathEnd":"loop","pathStep":1,"pathIdx":0,"UP":"","LEFT":"","DEFAULT":"beach-rock.sprt","RIGHT":"","DOWN":"","APPEAR":"","DISAPPEAR":"","PUNCHED":"","rotateForOrientation":false,"spriteFacingUp":false,"bounceHorizontally":false,"bounceVertically":false,"outOfHorizontalBoundaryRemove":false,"outOfVerticalBoundaryRemove":false,"collideWithPaddleRemove":false,"collideWithPaddleBounce":false,"BounceBallVertically":false,"BounceBallHorizontally":false,"collidePaddleAttacksPaddle":false,"collideBallRemoveBall":false,"collideBallAttacksBall":false,"collideBallLoseEnergy":false,"collidePaddleLoseEnergy":false,"collideWithBWRemove":false,"collideWithBWBounce":false},"description":"beach rock","collection":"entities","id":348},{"name":"beachball.ent","object":{"destination_dir":"game_assets/entities","name":"beachball.ent","type":"ball","energy":2,"strength":4,"resistance":100,"description":"beachball","firstStateAt":0,"states":[],"drawOnCanvas":"sky","x":171,"y":444,"dx":0,"dy":0,"path":-1,"pathEnd":"loop","pathStep":1,"pathIdx":0,"UP":"beachball-top.sprt","LEFT":"beachball-left.sprt","DEFAULT":"beachball-bottom.sprt","RIGHT":"beachball-right.sprt","DOWN":"beachball-bottom.sprt","APPEAR":"","DISAPPEAR":"","PUNCHED":"","bounceHorizontally":true,"bounceVertically":true,"outOfHorizontalBoundaryRemove":false,"outOfVerticalBoundaryRemove":false,"collideWithPaddleRemove":false,"collideWithPaddleBounce":true,"BounceBallVertically":false,"BounceBallHorizontally":false,"collideBallRemoveBall":false,"collideBallAttacksBall":false,"collideBallLoseEnergy":false,"collidePaddleLoseEnergy":false,"collideWithBWRemove":false,"collideWithBWBounce":true},"description":"beachball","collection":"entities","id":349},{"name":"shark-64x30-attack-left.ent","object":{"destination_dir":"game_assets/entities","name":"shark-64x30-attack-left.ent","type":"enemy","energy":20,"strength":3,"resistance":3,"description":"shark attacking left","firstStateAt":20,"states":[{"next":"20","dx":"1","dy":"0"},{"next":"20","dy":"0","dx":"-1"}],"drawOnCanvas":"aboveGround","x":360,"y":247,"dx":-1,"dy":0,"path":-1,"pathEnd":"loop","pathStep":0,"pathIdx":0,"UP":"shark-30x64-attack-up.sprt","LEFT":"shark-64x30-attack-left.sprt","DEFAULT":"shark-64x30-attack-left.sprt","RIGHT":"shark-64x30-attack-right.sprt","DOWN":"shark-30x64-attack-down.sprt","APPEAR":"","DISAPPEAR":"","PUNCHED":"shark-64x30-groggy.sprt","bounceHorizontally":true,"bounceVertically":true,"outOfHorizontalBoundaryRemove":false,"outOfVerticalBoundaryRemove":false,"collideWithPaddleRemove":false,"collideWithPaddleBounce":false,"BounceBallVertically":true,"BounceBallHorizontally":true,"collideBallRemoveBall":false,"collideBallAttacksBall":false,"collideBallLoseEnergy":true,"collidePaddleLoseEnergy":true,"collideWithBWRemove":true,"collideWithBWBounce":true},"description":"shark attacking left","collection":"entities","id":350},{"name":"shark-left-attack.ent","object":{"destination_dir":"game_assets/entities","name":"shark-left-attack.ent","type":"enemy","energy":10,"strength":2,"resistance":1,"description":"shark attacking left","firstStateAt":"","states":[],"drawOnCanvas":"aboveGround","x":360,"y":247,"dx":-1,"dy":0,"path":-1,"pathEnd":"loop","pathStep":0,"pathIdx":0,"UP":"","LEFT":"left-shark-attack.sprt","DEFAULT":"left-shark-attack.sprt","RIGHT":"","DOWN":"","APPEAR":"","DISAPPEAR":"","bounceHorizontally":false,"bounceVertically":false,"outOfHorizontalBoundaryRemove":true,"outOfVerticalBoundaryRemove":true,"collideWithPaddleRemove":false,"collideWithPaddleBounce":false,"BounceBallVertically":true,"BounceBallHorizontally":true,"collideBallRemoveBall":false,"collideBallAttacksBall":false,"collideBallLoseEnergy":true,"collidePaddleLoseEnergy":true,"collideWithBWRemove":true,"collideWithBWBounce":true},"description":"shark attacking left","collection":"entities","id":351},{"name":"shark-64x30-attack-right.ent","object":{"destination_dir":"game_assets/entities","name":"shark-64x30-attack-right.ent","type":"enemy","energy":20,"strength":3,"resistance":3,"description":"little shark attacking to the right","firstStateAt":20,"states":[{"next":"20","dy":"0","dx":"-1"},{"next":"20","dy":"0","dx":"1"}],"drawOnCanvas":"aboveGround","x":-64,"y":313,"dx":1,"dy":0,"path":-1,"pathEnd":"loop","pathStep":1,"pathIdx":0,"UP":"shark-30x64-attack-up.sprt","LEFT":"shark-64x30-attack-left.sprt","DEFAULT":"shark-64x30-attack-right.sprt","RIGHT":"shark-64x30-attack-right.sprt","DOWN":"shark-30x64-attack-down.sprt","APPEAR":"","DISAPPEAR":"","PUNCHED":"shark-64x30-groggy.sprt","bounceHorizontally":true,"bounceVertically":true,"outOfHorizontalBoundaryRemove":false,"outOfVerticalBoundaryRemove":false,"collideWithPaddleRemove":false,"collideWithPaddleBounce":false,"BounceBallVertically":true,"BounceBallHorizontally":true,"collideBallRemoveBall":false,"collideBallAttacksBall":true,"collideBallLoseEnergy":true,"collidePaddleLoseEnergy":true,"collideWithBWRemove":true,"collideWithBWBounce":true},"description":"little shark attacking to the right","collection":"entities","id":352},{"name":"shark-64x30-move-left.ent","object":{"destination_dir":"game_assets/entities","name":"shark-64x30-move-left.ent","type":"graphic","energy":0,"strength":0,"resistance":0,"description":"little shark moving to the left","firstStateAt":15,"states":[{"next":"0","action":{"name":"spawn","params":{"name":"shark-64x30-attack-left.ent"}},"drawOnCanvas":"aboveGround"},{"next":"0","action":{"name":"removeSelf","params":{"name":""}}}],"drawOnCanvas":"aboveGround","x":296,"y":285,"dx":-1,"dy":0,"path":-1,"pathEnd":"loop","pathStep":1,"pathIdx":0,"UP":"","LEFT":"shark-64x30-move-left.sprt","DEFAULT":"shark-64x30-move-left.sprt","RIGHT":"","DOWN":"","APPEAR":"","DISAPPEAR":"","bounceHorizontally":false,"bounceVertically":false,"outOfHorizontalBoundaryRemove":false,"outOfVerticalBoundaryRemove":false,"collideWithPaddleRemove":false,"collideWithPaddleBounce":false,"BounceBallVertically":false,"BounceBallHorizontally":false,"collideBallRemoveBall":false,"collideBallAttacksBall":false,"collideBallLoseEnergy":false,"collidePaddleLoseEnergy":false,"collideWithBWRemove":false,"collideWithBWBounce":false},"description":"little shark moving to the left","collection":"entities","id":353},{"name":"shark-64x30-move-right.ent","object":{"destination_dir":"game_assets/entities","name":"shark-64x30-move-right.ent","type":"graphic","energy":0,"strength":0,"resistance":0,"description":"little shark moving to the left","firstStateAt":15,"states":[{"next":"1","action":{"name":"spawn","params":{"name":"shark-64x30-attack-right.ent"}}},{"next":"0","action":{"name":"removeSelf","params":{"name":""}}}],"drawOnCanvas":"aboveGround","x":-1,"y":281,"dx":1,"dy":0,"path":-1,"pathEnd":"loop","pathStep":1,"pathIdx":0,"UP":"","LEFT":"","DEFAULT":"shark-64x30-move-right.sprt","RIGHT":"shark-64x30-move-right.sprt","DOWN":"","APPEAR":"","DISAPPEAR":"","bounceHorizontally":false,"bounceVertically":false,"outOfHorizontalBoundaryRemove":false,"outOfVerticalBoundaryRemove":false,"collideWithPaddleRemove":false,"collideWithPaddleBounce":false,"BounceBallVertically":false,"BounceBallHorizontally":false,"collideBallRemoveBall":false,"collideBallAttacksBall":false,"collideBallLoseEnergy":false,"collidePaddleLoseEnergy":false,"collideWithBWRemove":false,"collideWithBWBounce":false},"description":"little shark moving to the left","collection":"entities","id":354},{"name":"shark-in-water-right.ent","object":{"destination_dir":"game_assets/entities","name":"shark-in-water-right.ent","type":"enemy","energy":100,"strength":50,"resistance":50,"description":"SHARK SWIMMING DISAPPEAR AND INSTANCIANTE SHARK ATTACK - NO COLLISION","firstStateAt":40,"states":[],"drawOnCanvas":"midAir","x":136,"y":70,"dx":0,"dy":0,"path":-1,"pathEnd":"loop","pathStep":1,"pathIdx":0,"UP":"great-white-attack-up.sprt","LEFT":"shark-in-water-left.sprt","DEFAULT":"shark-groggy.sprt","RIGHT":"shark-in-water-right.sprt","DOWN":"great-white-attack-down.sprt","APPEAR":"","DISAPPEAR":"","PUNCHED":"","rotateForOrientation":false,"spriteFacingUp":false,"bounceHorizontally":true,"bounceVertically":true,"outOfHorizontalBoundaryRemove":false,"outOfVerticalBoundaryRemove":false,"collideWithPaddleRemove":false,"collideWithPaddleBounce":false,"BounceBallVertically":true,"BounceBallHorizontally":true,"collideBallRemoveBall":false,"collideBallAttacksBall":true,"collideBallLoseEnergy":true,"collidePaddleLoseEnergy":false,"collideWithBWRemove":false,"collideWithBWBounce":true},"description":"SHARK SWIMMING DISAPPEAR AND INSTANCIANTE SHARK ATTACK - NO COLLISION","collection":"entities","id":355},{"name":"teleportation-back.ent","object":{"destination_dir":"game_assets/entities","name":"teleportation-back.ent","type":"graphic","energy":0,"strength":0,"resistance":0,"description":"teleportation animation for angels going back to HQ","firstStateAt":9,"states":[{"next":"0","action":{"name":"removeSelf","params":{"name":""}}}],"drawOnCanvas":"teleport","x":131,"y":0,"dx":0,"dy":0,"path":-1,"pathEnd":"loop","pathStep":1,"pathIdx":0,"UP":"","LEFT":"","DEFAULT":"teleportation-back.sprt","RIGHT":"","DOWN":"","APPEAR":"","DISAPPEAR":"","bounceHorizontally":false,"bounceVertically":false,"outOfHorizontalBoundaryRemove":false,"outOfVerticalBoundaryRemove":false,"collideWithPaddleRemove":false,"collideWithPaddleBounce":false,"BounceBallVertically":false,"BounceBallHorizontally":false,"collideBallRemoveBall":false,"collideBallAttacksBall":false,"collideBallLoseEnergy":false,"collidePaddleLoseEnergy":false,"collideWithBWRemove":false,"collideWithBWBounce":false},"description":"teleportation animation for angels going back to HQ","collection":"entities","id":356},{"name":"teleportation.ent","object":{"destination_dir":"game_assets/entities","name":"teleportation.ent","type":"graphic","energy":0,"strength":0,"resistance":0,"description":"teleportation animation for angels","firstStateAt":9,"states":[{"next":"0","action":{"name":"removeSelf","params":{"name":""}}}],"drawOnCanvas":"teleport","x":131,"y":0,"dx":0,"dy":0,"path":-1,"pathEnd":"loop","pathStep":1,"pathIdx":0,"UP":"","LEFT":"","DEFAULT":"teleportation.sprt","RIGHT":"","DOWN":"","APPEAR":"","DISAPPEAR":"","bounceHorizontally":false,"bounceVertically":false,"outOfHorizontalBoundaryRemove":false,"outOfVerticalBoundaryRemove":false,"collideWithPaddleRemove":false,"collideWithPaddleBounce":false,"BounceBallVertically":false,"BounceBallHorizontally":false,"collideBallRemoveBall":false,"collideBallAttacksBall":false,"collideBallLoseEnergy":false,"collidePaddleLoseEnergy":false,"collideWithBWRemove":false,"collideWithBWBounce":false},"description":"teleportation animation for angels","collection":"entities","id":357},{"name":"crab-walk.ent","object":{"destination_dir":"game_assets/entities","name":"crab-walk.ent","type":"enemy","energy":5,"strength":2,"resistance":1,"description":"crab walks sideways","firstStateAt":0,"states":[],"drawOnCanvas":"ground","x":0,"y":0,"dx":0,"dy":0,"path":-1,"pathEnd":"loop","pathStep":1,"pathIdx":0,"UP":"","LEFT":"","DEFAULT":"crab-walk-192x32.sprt","RIGHT":"","DOWN":"","APPEAR":"","DISAPPEAR":"","PUNCHED":"","rotateForOrientation":true,"spriteFacingUp":true,"bounceHorizontally":true,"bounceVertically":false,"outOfHorizontalBoundaryRemove":false,"outOfVerticalBoundaryRemove":true,"collideWithPaddleRemove":false,"collideWithPaddleBounce":true,"BounceBallVertically":false,"BounceBallHorizontally":false,"collideBallRemoveBall":false,"collideBallAttacksBall":true,"collideBallLoseEnergy":true,"collidePaddleLoseEnergy":false,"collideWithBWRemove":true,"collideWithBWBounce":true},"description":"crab walks sideways","collection":"entities","id":358},{"name":"snake-crawl-down.ent","object":{"destination_dir":"game_assets/entities","name":"snake-crawl-down.ent","type":"enemy","energy":5,"strength":5,"resistance":2,"description":"SNAKE CRAWLING DOWN","firstStateAt":0,"states":[],"drawOnCanvas":"aboveGroundScrolling","x":147,"y":105,"dx":0,"dy":1,"path":-1,"pathEnd":"loop","pathStep":1,"pathIdx":0,"UP":"","LEFT":"","DEFAULT":"snake-crawl-down.sprt","RIGHT":"","DOWN":"snake-crawl-down.sprt","APPEAR":"","DISAPPEAR":"","PUNCHED":"","bounceHorizontally":false,"bounceVertically":false,"outOfHorizontalBoundaryRemove":true,"outOfVerticalBoundaryRemove":true,"collideWithPaddleRemove":false,"collideWithPaddleBounce":false,"BounceBallVertically":true,"BounceBallHorizontally":true,"collideBallRemoveBall":false,"collideBallAttacksBall":true,"collideBallLoseEnergy":false,"collidePaddleLoseEnergy":true,"collideWithBWRemove":true,"collideWithBWBounce":true},"description":"SNAKE CRAWLING DOWN","collection":"entities","id":359},{"name":"crocodile-rush-down.ent","object":{"destination_dir":"game_assets/entities","name":"crocodile-rush-down.ent","type":"enemy","energy":40,"strength":2,"resistance":2,"description":"CROCODILE RUSHES DOWN ATTACKING","firstStateAt":0,"states":[],"drawOnCanvas":"aboveGround","x":166,"y":115,"dx":0,"dy":0,"path":-1,"pathEnd":"loop","pathStep":1,"pathIdx":0,"UP":"crocodile-rush-down-75x186.sprt","LEFT":"crocodile-rush-down-75x186.sprt","DEFAULT":"crocodile-rush-down-75x186.sprt","RIGHT":"crocodile-rush-down-75x186.sprt","DOWN":"crocodile-rush-down-75x186.sprt","APPEAR":"","DISAPPEAR":"","PUNCHED":"crocodile-rush-down-75x186.sprt","rotateForOrientation":true,"spriteFacingUp":false,"bounceHorizontally":true,"bounceVertically":true,"outOfHorizontalBoundaryRemove":false,"outOfVerticalBoundaryRemove":false,"collideWithPaddleRemove":false,"collideWithPaddleBounce":false,"BounceBallVertically":true,"BounceBallHorizontally":true,"collideBallRemoveBall":false,"collideBallAttacksBall":true,"collideBallLoseEnergy":true,"collidePaddleLoseEnergy":false,"collideWithBWRemove":true,"collideWithBWBounce":true},"description":"CROCODILE RUSHES DOWN ATTACKING","collection":"entities","id":360},{"name":"snake.ent","object":{"destination_dir":"game_assets/entities","name":"snake.ent","type":"enemy","energy":5,"strength":2,"resistance":2,"description":"SNAKE STATIC","firstStateAt":0,"states":[],"drawOnCanvas":"aboveGroundScrolling","x":147,"y":105,"dx":0,"dy":0,"path":-1,"pathEnd":"loop","pathStep":1,"pathIdx":0,"UP":"","LEFT":"","DEFAULT":"snake-static.sprt","RIGHT":"","DOWN":"snake-crawl-down.sprt","APPEAR":"","DISAPPEAR":"","bounceHorizontally":true,"bounceVertically":false,"outOfHorizontalBoundaryRemove":false,"outOfVerticalBoundaryRemove":true,"collideWithPaddleRemove":false,"collideWithPaddleBounce":false,"BounceBallVertically":true,"BounceBallHorizontally":true,"collideBallRemoveBall":false,"collideBallAttacksBall":true,"collideBallLoseEnergy":true,"collidePaddleLoseEnergy":false,"collideWithBWRemove":true,"collideWithBWBounce":true},"description":"SNAKE STATIC","collection":"entities","id":361}]